City_ID,City,Lat,Lng,Max Temp,Humidity,Cloudiness,Wind Speed,Country,Date
0,dudinka,69.4058,86.1778,-23.56,99,97,3.61,RU,1675102630
1,rikitea,-23.1203,-134.9692,25.99,69,15,3.79,PF,1675102514
2,veraval,20.9,70.3667,19.78,42,3,5.28,IN,1675102632
3,mataura,-46.1927,168.8643,11.96,98,90,1.31,NZ,1675102499
4,bluff,-46.6,168.3333,13.81,92,95,2.49,NZ,1675102527
5,hermanus,-34.4187,19.2345,20.45,65,0,9.21,ZA,1675102634
6,kaitangata,-46.2817,169.8464,12.4,96,57,2.1,NZ,1675102635
7,kavieng,-2.5744,150.7967,27.12,79,100,2.8,PG,1675102637
8,quatre cocos,-20.2078,57.7625,25.61,84,99,1.44,MU,1675102638
9,dmitriyevka,54.75,55.3333,-8.25,92,100,7.11,RU,1675102640
10,sao jose da coroa grande,-8.8978,-35.1478,29.01,58,34,4.26,BR,1675102642
11,kapaa,22.0752,-159.319,20.61,92,100,2.68,US,1675102570
12,richards bay,-28.783,32.0377,22.05,86,100,2.22,ZA,1675102643
13,ati,13.2154,18.3353,30.94,10,5,3.67,TD,1675102644
14,mount darwin,-16.7725,31.5838,20.77,85,61,1.86,ZW,1675102645
15,mayo,38.8876,-76.5119,15.84,62,72,1.34,US,1675102646
16,new norfolk,-42.7826,147.0587,15.72,71,73,0.96,AU,1675102614
17,soyo,-6.1349,12.3689,26.3,80,81,3.43,AO,1675102648
18,longyearbyen,78.2186,15.6401,-8.09,67,20,5.14,SJ,1675102606
19,airai,-8.9266,125.4092,16.85,95,100,0.39,TL,1675102500
20,butaritari,3.0707,172.7902,27.18,74,79,10.11,KI,1675102517
21,victoria,22.2855,114.1577,15.69,76,3,4.47,HK,1675102421
22,puerto ayora,-0.7393,-90.3518,28.98,89,91,3.13,EC,1675102439
23,bambous virieux,-20.3428,57.7575,25.68,94,40,1.03,MU,1675102581
24,chokurdakh,70.6333,147.9167,-21.08,98,100,4.67,RU,1675102578
25,eldorado,-23.7869,-54.2836,29.33,60,100,1.88,BR,1675102657
26,vardo,70.3705,31.1107,-2.01,80,75,5.66,NO,1675102605
27,punta arenas,-53.15,-70.9167,12.84,56,67,10.39,CL,1675102367
28,beckley,37.7782,-81.1882,10.87,95,100,4.12,US,1675102564
29,chapais,49.7834,-74.8492,-18.12,84,100,3.33,CA,1675102659
30,guarapari,-20.6667,-40.4975,28.83,75,96,7.73,BR,1675102659
31,east london,-33.0153,27.9116,20.55,85,97,8.31,ZA,1675102660
32,tignere,7.3667,12.65,25.5,18,69,1.7,CM,1675102661
33,ancud,-41.8697,-73.8203,17.72,56,41,2.74,CL,1675102661
34,ilulissat,69.2167,-51.1,-9.99,52,75,4.63,GL,1675102555
35,kloulklubed,7.0419,134.2556,27.49,79,82,4.27,PW,1675102662
36,stornoway,58.2093,-6.3865,6.98,90,75,7.2,GB,1675102663
37,nelson bay,-32.7167,152.15,21.17,93,86,4.02,AU,1675102663
38,ciudad bolivar,8.1222,-63.5497,32.78,28,2,3.76,VE,1675102520
39,kilindoni,-7.9139,39.6668,27.04,79,35,5.92,TZ,1675102664
40,riyadh,24.6877,46.7219,19.08,37,1,4.52,SA,1675102664
41,vaini,-21.2,-175.2,25.09,94,40,2.57,TO,1675102502
42,busselton,-33.65,115.3333,15.96,78,26,5.61,AU,1675102665
43,jamestown,42.097,-79.2353,-0.55,72,100,2.57,US,1675102567
44,tessalit,20.1986,1.0114,19.02,9,85,4.86,ML,1675102594
45,carnarvon,-24.8667,113.6333,23.53,80,2,6.64,AU,1675102528
46,port alfred,-33.5906,26.891,19.54,93,95,1.34,ZA,1675102440
47,tombouctou,20.0,-3.0,19.24,9,87,4.57,ML,1675102667
48,albany,42.6001,-73.9662,2.9,73,80,0.89,US,1675102372
49,barrow,71.2906,-156.7887,-20.99,84,100,8.23,US,1675102593
50,itoman,26.1247,127.6694,11.43,69,40,2.06,JP,1675102668
51,narsaq,60.9167,-46.05,-8.88,78,98,2.79,GL,1675102668
52,severo-kurilsk,50.6789,156.125,-5.21,70,91,11.56,RU,1675102565
53,alice springs,-23.7,133.8833,22.75,94,100,1.54,AU,1675102550
54,atuona,-9.8,-139.0333,25.89,78,18,8.42,PF,1675102669
55,otane,-39.8833,176.6333,18.89,89,100,0.85,NZ,1675102670
56,nikolskoye,59.7035,30.7861,1.94,82,100,5.61,RU,1675102558
57,dattapur,20.7667,78.1667,25.69,36,56,1.73,IN,1675102670
58,kodiak,57.79,-152.4072,4.73,93,100,4.12,US,1675102617
59,zhigansk,66.7697,123.3711,-43.56,96,90,3.21,RU,1675102671
60,lebu,-37.6167,-73.65,17.98,74,9,10.22,CL,1675102548
61,razole,16.4833,81.8333,21.34,88,28,2.18,IN,1675102672
62,bluefields,12.0137,-83.7635,27.05,70,100,4.95,NI,1675102673
63,tiksi,71.6872,128.8694,-32.57,99,94,1.43,RU,1675102673
64,bara,10.3744,10.7288,29.89,15,3,3.02,NG,1675102674
65,noordwijk,52.2411,4.4462,7.23,78,7,7.41,NL,1675102674
66,manavalakurichi,8.1333,77.3,25.54,76,94,2.31,IN,1675102675
67,ahipara,-35.1667,173.1667,19.46,93,100,8.2,NZ,1675102675
68,oussouye,12.485,-16.5469,31.1,21,17,5.03,SN,1675102676
69,mount gambier,-37.8333,140.7667,10.88,93,0,0.19,AU,1675102676
70,korem,12.5058,39.5228,13.18,65,30,1.82,ET,1675102677
71,upernavik,72.7868,-56.1549,-18.5,69,100,1.69,GL,1675102353
72,irbil,36.1926,44.0106,7.9,100,75,1.03,IQ,1675102393
73,selikhino,50.3672,137.4996,-24.43,96,97,3.5,RU,1675102678
74,terney,45.0503,136.6092,-16.59,79,1,5.23,RU,1675102678
75,port elizabeth,-33.918,25.5701,21.29,77,75,6.17,ZA,1675102679
76,rio grande,-32.035,-52.0986,27.06,60,36,5.05,BR,1675102679
77,cape town,-33.9258,18.4232,24.65,46,0,7.2,ZA,1675102503
78,vanavara,60.34,102.2797,-29.26,100,77,1.03,RU,1675102680
79,puksoozero,62.5903,40.6066,-4.51,94,100,5.9,RU,1675102681
80,bethel,41.3712,-73.414,11.37,65,75,0.89,US,1675102607
81,half moon bay,37.4636,-122.4286,8.99,36,0,5.66,US,1675102667
82,norman wells,65.282,-126.8329,-16.98,78,40,8.75,CA,1675102682
83,pula,44.8683,13.8481,3.65,86,0,1.03,HR,1675102683
84,castro,-24.7911,-50.0119,20.67,77,100,3.38,BR,1675102602
85,dikson,73.5069,80.5464,-32.32,94,78,1.38,RU,1675102541
86,harper,4.375,-7.7169,27.66,73,72,3.03,LR,1675102685
87,thompson,55.7435,-97.8558,-26.91,76,0,4.12,CA,1675102686
88,saint-augustin,51.226,-58.6502,-9.92,80,98,3.89,CA,1675102689
89,buala,-8.145,159.5921,26.37,77,91,3.04,SB,1675102691
90,aranos,-24.1333,19.1167,24.56,49,76,11.7,NA,1675102692
91,hobart,-42.8794,147.3294,15.92,81,100,2.06,AU,1675102492
92,yumen,40.2833,97.2,-5.36,27,77,4.18,CN,1675102695
93,ortakoy,38.7373,34.0387,0.14,73,93,1.16,TR,1675102696
94,ribeira grande,38.5167,-28.7,15.43,67,40,4.12,PT,1675102619
95,komatipoort,-25.4332,31.9548,25.03,70,88,4.25,ZA,1675102700
96,ponta do sol,32.6667,-17.1,16.11,64,56,2.73,PT,1675102700
97,brusyliv,50.2845,29.5263,0.27,62,100,6.32,UA,1675102703
98,qaanaaq,77.484,-69.3632,-22.94,56,4,3.98,GL,1675102553
99,shizukuishi,39.6833,140.9833,-6.02,87,68,4.25,JP,1675102704
100,rockport,28.0206,-97.0544,11.01,100,100,6.69,US,1675102705
101,yilan,24.757,121.753,13.84,99,30,1.81,TW,1675102706
102,meulaboh,4.1363,96.1285,25.86,85,100,0.47,ID,1675102707
103,klaksvik,62.2266,-6.589,1.51,75,100,8.3,FO,1675102708
104,casablanca,33.5928,-7.6192,13.19,67,40,2.06,MA,1675102711
105,hasaki,35.7333,140.8333,1.23,51,34,8.08,JP,1675102552
106,mahebourg,-20.4081,57.7,25.7,94,40,1.03,MU,1675102558
107,cherskiy,68.75,161.3,-8.71,85,100,2.87,RU,1675102715
108,ushuaia,-54.8,-68.3,10.79,66,75,9.26,AR,1675102516
109,mar del plata,-38.0023,-57.5575,27.68,78,20,8.49,AR,1675102521
110,constitucion,-35.3333,-72.4167,22.92,62,12,6.19,CL,1675102720
111,saint-philippe,-21.3585,55.7679,26.77,87,100,1.9,RE,1675102535
112,sulangan,11.1373,123.7228,26.17,84,100,7.35,PH,1675102722
113,bredasdorp,-34.5322,20.0403,19.41,70,2,8.71,ZA,1675102556
114,vestmannaeyjar,63.4427,-20.2734,5.55,70,40,15.95,IS,1675102723
115,conde,-7.2597,-34.9075,29.7,62,40,7.72,BR,1675102724
116,matamoros,25.5333,-103.25,25.62,22,75,2.06,MX,1675102724
117,kuryk,43.2,51.65,0.97,48,69,4.23,KZ,1675102725
118,codo,-4.4553,-43.8856,28.73,74,62,0.33,BR,1675102725
119,naze,28.3667,129.4833,11.51,59,17,3.91,JP,1675102492
120,port lincoln,-34.7333,135.8667,15.28,81,0,3.93,AU,1675102511
121,north branch,45.5113,-92.9802,-16.66,53,12,4.25,US,1675102726
122,clyde river,70.4692,-68.5914,-29.87,69,75,3.6,CA,1675102727
123,abu samrah,35.3029,37.1841,9.6,73,96,4.25,SY,1675102727
124,yellowknife,62.456,-114.3525,-31.71,75,20,3.6,CA,1675102552
125,hami,42.8,93.45,-4.71,27,99,0.95,CN,1675102728
126,healdsburg,38.6105,-122.8692,10.12,38,0,2.57,US,1675102729
127,guerrero negro,27.9769,-114.0611,15.55,58,92,2.86,MX,1675102599
128,tucuman,-26.8241,-65.2226,25.0,83,75,3.6,AR,1675102478
129,catalina,32.5056,-110.9211,14.16,42,0,0.45,US,1675102730
130,mineiros,-17.5694,-52.5511,25.92,66,75,2.95,BR,1675102730
131,shache,38.4167,77.2406,-6.01,77,97,1.65,CN,1675102731
132,longyan,25.1072,117.0225,6.77,61,0,0.56,CN,1675102731
133,esperance,-33.8667,121.9,19.52,77,37,2.99,AU,1675102732
134,bengkulu,-3.8004,102.2655,23.74,93,100,2.55,ID,1675102732
135,arman,59.7,150.1667,-13.96,77,100,5.27,RU,1675102733
136,khatanga,71.9667,102.5,-44.07,100,57,0.22,RU,1675102733
137,ankara,39.9199,32.8543,0.67,87,100,2.06,TR,1675102734
138,saint-paul,-21.0096,55.2707,27.06,85,81,3.45,RE,1675102734
139,port blair,11.6667,92.75,27.02,69,40,1.54,IN,1675102735
140,tuatapere,-46.1333,167.6833,14.61,94,92,1.66,NZ,1675102735
141,bunbury,-33.3333,115.6333,17.63,75,7,6.61,AU,1675102736
142,avarua,-21.2078,-159.775,26.03,73,75,6.69,CK,1675102556
143,kilrush,52.6397,-9.4833,8.86,88,100,6.13,IE,1675102737
144,sasaram,24.951,84.0149,15.33,44,41,2.09,IN,1675102738
145,mount isa,-20.7333,139.5,25.87,78,75,3.09,AU,1675102738
146,brae,60.3964,-1.353,3.09,62,99,4.66,GB,1675102739
147,pingzhuang,42.0372,119.2889,-8.9,75,0,1.35,CN,1675102740
148,acapulco,16.8634,-99.8901,29.9,66,20,2.57,MX,1675102594
149,kudahuvadhoo,2.6708,72.8944,27.01,70,94,2.35,MV,1675102587
150,piopio,-38.4667,175.0167,17.83,81,100,2.93,NZ,1675102740
151,tuktoyaktuk,69.4541,-133.0374,-37.0,67,20,1.03,CA,1675102613
152,nizhnevartovsk,60.9344,76.5531,-8.99,86,100,4.02,RU,1675102742
153,mazeikiai,56.3167,22.3333,2.66,83,97,6.67,LT,1675102744
154,henties bay,-22.116,14.2845,18.62,77,9,5.21,NA,1675102745
155,te anau,-45.4167,167.7167,14.28,88,89,0.74,NZ,1675102746
156,barstow,34.8986,-117.0228,7.87,68,33,2.38,US,1675102749
157,saint george,37.1041,-113.5841,1.35,74,100,2.57,US,1675102336
158,chuy,-33.6971,-53.4616,27.66,58,61,4.82,UY,1675102753
159,santa maria,-29.6842,-53.8069,35.48,21,0,3.8,BR,1675102567
160,torbay,47.6666,-52.7314,6.88,94,100,11.83,CA,1675102670
161,geraldton,-28.7667,114.6,21.23,88,2,2.06,AU,1675102486
162,jatiroto,-7.8833,111.1167,23.47,93,100,0.74,ID,1675102759
163,nanortalik,60.1432,-45.2371,-4.12,78,99,2.53,GL,1675102561
164,carballo,43.213,-8.691,9.37,81,23,1.99,ES,1675102762
165,malbork,54.0359,19.0266,3.25,84,93,6.61,PL,1675102765
166,bima,-8.4667,118.7167,24.78,91,100,1.1,ID,1675102766
167,daura,11.5538,11.4085,29.7,13,54,3.28,NG,1675102766
168,faanui,-16.4833,-151.75,26.97,76,100,5.65,PF,1675102500
169,beatrice,40.2681,-96.747,-9.9,48,100,2.57,US,1675102768
170,provideniya,64.3833,-173.3,-0.78,99,100,1.67,RU,1675102769
171,sao joao da barra,-21.6403,-41.0511,30.05,82,99,8.3,BR,1675102770
172,marawi,7.9986,124.2928,20.17,96,92,0.5,PH,1675102773
173,mehran,33.1222,46.1646,15.56,63,45,7.19,IR,1675102774
174,stokmarknes,68.5646,14.9108,-1.02,100,40,1.54,NO,1675102776
175,port macquarie,-31.4333,152.9167,21.05,94,98,1.77,AU,1675102777
176,wichita falls,33.9137,-98.4934,-5.93,79,100,7.2,US,1675102781
177,antofagasta,-23.65,-70.4,21.6,69,85,4.14,CL,1675102782
178,arraial do cabo,-22.9661,-42.0278,30.98,62,40,9.26,BR,1675102575
179,santa cruz del norte,23.1539,-81.9236,26.98,58,3,5.8,CU,1675102783
180,pevek,69.7008,170.3133,-10.26,91,100,0.58,RU,1675102583
181,gambo,4.6482,22.2633,28.3,32,47,0.6,CF,1675102784
182,kruisfontein,-34.0033,24.7314,18.33,73,84,7.87,ZA,1675102785
183,tasiilaq,65.6145,-37.6368,-10.55,81,100,4.94,GL,1675102785
184,machala,-3.2667,-79.9667,31.97,51,20,6.17,EC,1675102786
185,cockburn town,21.4612,-71.1419,25.25,69,1,9.18,TC,1675102560
186,kutum,14.2,24.6667,25.17,12,72,4.34,SD,1675102787
187,richmond,37.5538,-77.4603,13.99,65,75,1.54,US,1675102530
188,padang,-0.9492,100.3543,25.03,87,100,1.58,ID,1675102787
189,kaoma,-14.7833,24.8,18.85,85,94,1.23,ZM,1675102788
190,rizhao,35.4275,119.4553,2.24,59,1,2.03,CN,1675102788
191,hithadhoo,-0.6,73.0833,27.31,76,100,6.4,MV,1675102509
192,rockland,41.1668,-74.0496,12.33,64,77,0.45,US,1675102789
193,coquimbo,-29.9533,-71.3436,21.85,60,20,5.66,CL,1675102466
194,townsville,-19.25,146.8,26.49,78,40,3.09,AU,1675102790
195,izhma,65.0083,53.9113,-9.37,93,100,4.36,RU,1675102790
196,coihaique,-45.5752,-72.0662,19.34,32,20,4.12,CL,1675102702
197,rio bueno,-40.3167,-72.9667,21.73,53,98,2.45,CL,1675102791
198,ko samui,9.5357,99.9357,25.63,75,39,5.79,TH,1675102792
199,cidreira,-30.1811,-50.2056,26.2,70,1,5.32,BR,1675102792
200,duvan,55.695,57.9024,-7.31,89,100,5.49,RU,1675102793
201,hovd,48.0056,91.6419,-17.02,71,0,1.29,MN,1675102793
202,bonao,18.9369,-70.4092,26.95,62,74,2.39,DO,1675102794
203,tomatlan,19.9333,-105.25,31.39,33,0,2.8,MX,1675102794
204,salalah,17.0151,54.0924,23.05,53,20,1.03,OM,1675102612
205,leshukonskoye,64.8989,45.7622,-7.22,92,100,5.19,RU,1675102795
206,sitka,57.0531,-135.33,2.94,87,100,2.06,US,1675102796
207,hervey bay,-25.2986,152.8535,25.21,72,100,4.27,AU,1675102523
208,sinnamary,5.3833,-52.95,25.69,83,66,3.78,GF,1675102619
209,strathblane,55.986,-4.3066,7.34,82,100,3.6,GB,1675102797
210,wamba,8.9333,8.6,32.2,25,28,2.11,NG,1675102797
211,penalva,-3.2942,-45.1736,27.49,82,83,1.4,BR,1675102799
212,bana,5.1481,10.2762,18.94,80,62,1.21,CM,1675102799
213,broken hill,-31.95,141.4333,19.51,48,55,7.33,AU,1675102554
214,aklavik,68.2191,-135.0107,-33.83,100,79,1.79,CA,1675102579
215,camocim,-2.9022,-40.8411,27.2,76,40,5.45,BR,1675102692
216,maningrida,-12.0667,134.2667,26.62,85,100,2.15,AU,1675102801
217,mazagao,-0.115,-51.2894,27.99,76,52,1.3,BR,1675102802
218,hamilton,39.1834,-84.5333,1.24,94,100,4.63,US,1675102803
219,asosa,10.0667,34.5333,23.27,23,52,1.63,ET,1675102808
220,george,-33.963,22.4617,17.75,82,20,7.72,ZA,1675102810
221,egvekinot,66.3167,-179.1667,-5.79,96,100,3.84,RU,1675102816
222,wajima,37.4,136.9,2.17,60,100,6.47,JP,1675102819
223,rawson,-43.3002,-65.1023,20.54,62,12,13.12,AR,1675102591
224,cam ranh,11.9214,109.1591,21.98,68,20,4.12,VN,1675102752
225,santarem,-2.4431,-54.7083,27.07,83,75,3.09,BR,1675102822
226,banda aceh,5.5577,95.3222,25.39,88,70,3.24,ID,1675102823
227,japura,-0.3167,102.35,22.89,99,100,0.69,ID,1675102826
228,husavik,66.0449,-17.3389,-7.8,87,100,5.25,IS,1675102827
229,camopi,3.1655,-52.3158,25.83,91,77,2.05,GF,1675102829
230,yining,29.0361,114.5636,5.93,52,0,1.18,CN,1675102829
231,kembe,4.6228,21.8865,28.22,32,63,0.16,CF,1675102830
232,sobolevo,54.4299,31.8996,-1.46,95,100,7.8,RU,1675102833
233,lahad datu,5.0268,118.327,23.68,94,78,1.31,MY,1675102835
234,bati,11.1833,40.0167,18.64,53,13,3.11,ET,1675102837
235,makakilo city,21.3469,-158.0858,22.18,78,40,4.63,US,1675102600
236,lavrentiya,65.5833,-171.0,-1.92,98,100,4.28,RU,1675102839
237,huaihua,27.5494,109.9592,9.64,35,0,1.11,CN,1675102840
238,vila velha,-20.3297,-40.2925,28.97,71,20,6.69,BR,1675102842
239,mandera,3.9366,41.867,31.73,29,4,3.99,KE,1675102843
240,codrington,-38.2667,141.9667,12.14,87,2,0.51,AU,1675102844
241,iqaluit,63.7506,-68.5145,-33.15,75,100,0.0,CA,1675102845
242,honningsvag,70.9821,25.9704,2.86,81,75,5.66,NO,1675102846
243,georgetown,5.4112,100.3354,26.96,71,20,3.09,MY,1675102697
244,la rioja,42.25,-2.5,0.88,89,6,2.13,ES,1675102847
245,lompoc,34.6391,-120.4579,11.12,88,75,1.54,US,1675102847
246,kahului,20.8947,-156.47,21.58,93,75,3.09,US,1675102848
247,fortuna,40.5982,-124.1573,8.19,70,0,0.89,US,1675102848
248,sao filipe,14.8961,-24.4956,21.96,67,57,4.32,CV,1675102547
249,mosquera,4.7059,-74.2302,20.05,52,40,5.14,CO,1675102849
250,kavaratti,10.5669,72.642,26.56,73,86,6.46,IN,1675102525
251,tilichiki,60.4667,166.1,-12.09,92,81,4.02,RU,1675102850
252,pedra branca,-5.4542,-39.7172,30.28,42,65,2.68,BR,1675102850
253,biak,-0.9131,122.8766,24.29,84,88,1.79,ID,1675102851
254,gravdal,68.1214,13.5031,-2.06,100,40,1.03,NO,1675102852
255,nassau,40.7507,-73.5829,12.86,63,40,3.6,US,1675102814
256,talnakh,69.4865,88.3972,-21.76,97,100,3.62,RU,1675102852
257,zaraza,9.3503,-65.3245,33.7,27,26,3.82,VE,1675102853
258,dwarka,22.2394,68.9678,20.26,57,0,6.31,IN,1675102853
259,waslala,13.2333,-85.3833,22.57,90,100,2.67,NI,1675102854
260,khandyga,62.6667,135.6,-40.12,97,100,0.41,RU,1675102854
261,saldanha,-33.0117,17.9442,26.03,81,8,3.69,ZA,1675102855
262,los llanos de aridane,28.6585,-17.9182,13.96,76,75,5.66,ES,1675102856
263,mill valley,37.906,-122.545,9.32,30,0,2.68,US,1675102651
264,ladario,-19.0047,-57.6017,32.16,58,75,5.14,BR,1675102856
265,karoi,-16.8099,29.6925,18.75,94,69,2.88,ZW,1675102756
266,urengoy,65.9667,78.3667,-16.51,95,100,6.1,RU,1675102857
267,high prairie,55.4334,-116.4858,-13.83,91,82,0.79,CA,1675102802
268,ajdabiya,30.7554,20.2263,14.37,65,61,9.48,LY,1675102858
269,kununurra,-15.7667,128.7333,24.99,94,75,0.51,AU,1675102858
270,maltahohe,-24.8333,16.9833,29.35,14,72,9.52,NA,1675102859
271,sasina,44.7987,16.739,1.99,97,64,1.08,BA,1675102859
272,jacareacanga,-6.2222,-57.7528,25.39,94,86,1.75,BR,1675102860
273,matagami,49.7502,-77.6328,-18.94,60,20,4.63,CA,1675102860
274,havre-saint-pierre,50.2334,-63.5986,-8.0,85,75,2.57,CA,1675102496
275,huanuco,-9.9329,-76.2415,24.96,55,87,4.73,PE,1675102862
276,zgorzelec,51.1494,15.0084,2.75,95,99,4.92,PL,1675102863
277,okhotsk,59.3833,143.3,-18.86,74,100,7.18,RU,1675102864
278,cabo san lucas,22.8909,-109.9124,24.23,68,40,3.6,MX,1675102607
279,vanimo,-2.6741,141.3028,25.17,89,85,2.28,PG,1675102867
280,manhuacu,-20.2581,-42.0336,26.12,69,98,3.18,BR,1675102868
281,eirunepe,-6.6603,-69.8736,23.59,94,100,0.99,BR,1675102869
282,pedernales,18.0384,-71.744,28.38,54,9,4.15,DO,1675102870
283,bilma,18.6853,12.9164,23.46,12,100,3.91,NE,1675102873
284,pyay,18.8167,95.2167,22.94,66,17,1.15,MM,1675102874
285,sorland,67.667,12.6934,1.92,62,88,8.39,NO,1675102496
286,winslow,35.0242,-110.6974,6.1,49,75,0.0,US,1675102876
287,pacific grove,36.6177,-121.9166,10.62,50,0,5.36,US,1675102879
288,kupang,-10.1667,123.5833,25.37,90,100,1.92,ID,1675102724
289,panjab,34.388,67.0233,-10.15,97,91,1.53,AF,1675102883
290,palu,-0.8917,119.8707,24.35,95,100,1.55,ID,1675102884
291,kitakami,39.2833,141.1167,-4.12,85,87,5.07,JP,1675102885
292,yerbogachen,61.2767,108.0108,-30.06,100,96,1.53,RU,1675102338
293,smithers,54.7804,-127.1743,-14.82,72,75,4.12,CA,1675102886
294,los santos,7.9333,-80.4167,33.0,52,99,7.33,PA,1675102887
295,arsk,56.0915,49.8778,-3.54,95,99,5.96,RU,1675102890
296,bosaso,11.2842,49.1816,23.07,63,10,2.83,SO,1675102829
297,begowala,32.4376,74.2682,12.99,88,40,2.06,PK,1675102892
298,payson,40.0444,-111.7321,-6.42,77,40,3.6,US,1675102893
299,ruteng,-8.6136,120.4721,17.25,93,100,0.63,ID,1675102894
300,luanda,-8.8368,13.2343,28.0,78,75,5.14,AO,1675102899
301,araouane,18.9048,-3.5265,20.06,8,95,3.79,ML,1675102900
302,asau,46.4333,26.4,-1.49,90,76,3.37,RO,1675102901
303,tambura,5.6,27.4667,29.43,19,46,1.51,SS,1675102902
304,tadine,-21.55,167.8833,23.77,82,12,2.68,NC,1675102903
305,wukari,7.85,9.7833,34.16,26,25,2.54,NG,1675102903
306,corrente,-3.7367,-43.3394,27.92,79,80,0.87,BR,1675102904
307,gualeguay,-33.1416,-59.3097,34.82,23,0,1.56,AR,1675102904
308,olinda,-8.0089,-34.8553,29.85,58,20,5.14,BR,1675102905
309,nicoya,10.1483,-85.452,33.06,36,33,5.28,CR,1675102905
310,almenara,-16.1836,-40.6944,28.43,63,90,2.28,BR,1675102906
311,toba,34.4833,136.85,3.0,67,53,8.64,JP,1675102906
312,pangnirtung,66.1451,-65.7125,-35.0,68,100,0.0,CA,1675102606
313,coahuayana,18.7333,-103.6833,31.23,35,0,2.71,MX,1675102907
314,hilo,19.7297,-155.09,23.49,96,100,0.89,US,1675102532
315,botwood,49.1499,-55.3482,4.39,84,100,5.99,CA,1675102908
316,isangel,-19.55,169.2667,26.0,79,100,0.72,VU,1675102908
317,savalou,7.9281,1.9756,34.4,14,95,2.65,BJ,1675102908
318,tazovskiy,67.4667,78.7,-17.07,95,100,6.06,RU,1675102909
319,lerwick,60.1545,-1.1494,4.0,62,98,4.58,GB,1675102909
320,dalby,-27.1833,151.2667,22.21,75,100,5.49,AU,1675102910
321,taltal,-25.4,-70.4833,20.6,72,79,1.91,CL,1675102911
322,xining,36.6167,101.7667,-0.49,22,0,0.33,CN,1675102911
323,karpathos,35.507,27.2132,11.98,54,22,9.26,GR,1675102912
324,srednekolymsk,67.45,153.6833,-19.09,98,100,3.66,RU,1675102345
325,andenes,69.3143,16.1194,-1.71,93,97,3.09,NO,1675102912
326,jalu,29.0331,21.5482,13.45,29,0,4.64,LY,1675102913
327,tucuma,-0.1833,-50.05,26.88,80,66,2.04,BR,1675102913
328,gremyachinsk,58.5603,57.851,-10.17,95,100,3.03,RU,1675102914
329,moree,-29.4667,149.85,22.61,87,100,3.55,AU,1675102877
330,berlevag,70.8578,29.0864,0.0,86,75,4.12,NO,1675102915
331,mattawa,46.7379,-119.9028,-5.66,45,9,1.47,US,1675102915
332,santa fe,-31.6333,-60.7,37.79,36,8,1.79,AR,1675102665
333,walvis bay,-22.9575,14.5053,17.83,71,2,6.59,NA,1675102916
334,nome,64.5011,-165.4064,-0.5,100,100,7.72,US,1675102617
335,hobyo,5.3505,48.5268,24.33,70,34,9.47,SO,1675102916
336,mansfield,53.1333,-1.2,6.75,85,22,1.79,GB,1675102917
337,samarai,-10.6167,150.6667,27.85,79,100,2.37,PG,1675102917
338,nuevo progreso,23.1667,-97.95,27.72,59,13,1.34,MX,1675102918
339,adrar,20.5022,-10.0711,21.16,21,49,2.37,MR,1675102918
340,osa,57.2829,55.4567,-6.49,93,100,4.64,RU,1675102919
341,mollendo,-17.0231,-72.0147,24.53,76,63,3.84,PE,1675102919
342,shieli,44.1667,66.75,-0.34,59,99,3.0,KZ,1675102920
343,karasuk,53.7377,78.0403,-19.95,100,67,2.99,RU,1675102920
344,leh,34.1667,77.5833,-9.27,90,94,1.37,IN,1675102916
345,luderitz,-26.6481,15.1594,17.76,84,1,5.38,NA,1675102921
346,bereznik,62.8551,42.7072,-4.22,94,100,5.9,RU,1675102923
347,praia da vitoria,38.7333,-27.0667,15.98,82,40,5.57,PT,1675102924
348,pimentel,-6.8367,-79.9342,28.16,54,0,5.66,PE,1675102926
349,samana,19.2056,-69.3369,28.12,78,20,4.12,DO,1675102927
350,ulaangom,49.9811,92.0667,-28.12,88,17,1.1,MN,1675102929
351,penzance,50.1186,-5.5371,7.38,74,68,4.93,GB,1675102930
352,mabaruma,8.2,-59.7833,28.45,45,9,2.78,GY,1675102931
353,nunoa,-14.48,-70.6411,10.52,64,96,0.91,PE,1675102871
354,ormara,25.2088,64.6357,20.46,42,0,1.69,PK,1675102934
355,nueve de julio,-35.4444,-60.8831,30.54,47,0,0.89,AR,1675102935
356,alofi,-19.0595,-169.9187,24.94,94,96,2.06,NU,1675102937
357,bitaogan,6.7684,126.0774,25.62,85,52,1.65,PH,1675102939
358,ixtapa,20.7,-105.2,24.57,65,0,3.6,MX,1675102941
359,namatanai,-3.6667,152.4333,26.67,79,100,2.07,PG,1675102942
360,knyaze-volkonskoye,48.4642,135.4567,-19.81,98,42,3.6,RU,1675102944
361,porbandar,21.6422,69.6093,18.81,58,1,4.25,IN,1675102947
362,manokwari,-0.8667,134.0833,25.21,81,100,1.16,ID,1675102948
363,buraydah,26.326,43.975,19.25,35,8,4.94,SA,1675102951
364,thunder bay,48.4001,-89.3168,-20.05,45,20,7.72,CA,1675102743
365,odienne,9.51,-7.5692,31.87,14,82,1.36,CI,1675102956
366,rock sound,24.9,-76.2,24.66,68,9,5.37,BS,1675102958
367,mayumba,-3.432,10.6554,25.2,80,98,3.31,GA,1675102959
368,mnogovershinnyy,53.9353,139.9242,-25.75,82,100,3.63,RU,1675102960
369,birjand,32.8663,59.2211,6.26,61,75,4.12,IR,1675102961
370,pacifica,37.6138,-122.4869,8.82,32,0,5.66,US,1675102745
371,san bernardo,-33.6,-70.7167,31.15,31,0,3.59,CL,1675102961
372,hasilpur,29.7122,72.5553,13.02,52,0,3.72,PK,1675102962
373,ust-nera,64.5667,143.2,-23.62,100,100,1.57,RU,1675102963
374,iranshahr,27.2025,60.6848,12.19,62,0,0.0,IR,1675102963
375,hambantota,6.1241,81.1185,24.42,86,91,3.77,LK,1675102536
376,pervomaysk,48.0443,30.8507,-2.06,74,3,4.45,UA,1675102964
377,kinablangan,7.6947,126.5503,24.48,88,46,2.08,PH,1675102964
378,marsh harbour,26.5412,-77.0636,24.61,73,2,4.18,BS,1675102965
379,petropavlovsk-kamchatskiy,53.0452,158.6483,-5.67,46,75,7.0,RU,1675102965
380,necochea,-38.5473,-58.7368,29.25,37,0,4.85,AR,1675102966
381,ofaqim,31.3141,34.6203,10.95,66,0,2.66,IL,1675102800
382,enid,36.3956,-97.8784,-6.66,58,100,5.66,US,1675102696
383,marzuq,14.4,46.4667,15.46,74,8,3.06,YE,1675102967
384,saskylakh,71.9167,114.0833,-44.34,100,64,1.03,RU,1675102518
385,chor,25.5167,69.7667,16.4,20,0,4.2,PK,1675102968
386,flinders,-34.5833,150.8552,21.21,87,95,1.79,AU,1675102968
387,arlit,18.7369,7.3853,21.02,4,83,3.36,NE,1675102969
388,inverell,-29.7833,151.1167,20.06,97,100,2.13,AU,1675102969
389,pisco,-13.7,-76.2167,26.03,65,0,4.12,PE,1675102970
390,avera,33.194,-82.5271,13.03,97,100,1.21,US,1675102970
391,whitehorse,60.7161,-135.0538,-10.11,78,100,1.54,CA,1675102938
392,prainha,-1.8,-53.48,30.43,54,60,1.68,BR,1675102971
393,toguchin,55.2353,84.3858,-14.11,96,99,2.46,RU,1675102972
394,souillac,-20.5167,57.5167,25.21,94,40,1.03,MU,1675102972
395,tulun,54.5611,100.5792,-11.73,83,99,5.09,RU,1675102972
396,rio gallegos,-51.6226,-69.2181,18.03,24,40,12.86,AR,1675102916
397,bubaque,11.2833,-15.8333,25.51,56,82,7.34,GW,1675102973
398,bose,45.4612,8.0137,5.42,65,29,1.55,IT,1675102974
399,sirnak,37.5228,42.4594,1.04,98,100,2.23,TR,1675102974
400,port-gentil,-0.7193,8.7815,24.98,88,75,8.23,GA,1675102975
401,lagoa,39.05,-27.9833,14.28,70,21,6.63,PT,1675102611
402,batagay-alyta,67.8006,130.4114,-34.67,95,90,1.36,RU,1675102553
403,chernyshevskiy,63.0128,112.4714,-31.68,100,98,1.14,RU,1675102976
404,zadar,44.1197,15.2422,1.34,93,0,0.51,HR,1675102976
405,swan river,52.1058,-101.2676,-22.06,64,79,7.72,CA,1675102918
406,piterka,50.6803,47.4454,-4.6,84,68,4.82,RU,1675102977
407,johi,26.6921,67.6133,15.47,29,0,2.61,PK,1675102977
408,shelburne,44.0787,-80.2041,-3.94,86,100,5.86,CA,1675102978
409,luohe,33.5717,114.0353,4.62,44,2,1.72,CN,1675102979
410,savannah bight,16.45,-85.85,26.39,75,54,8.07,HN,1675102979
411,grand-lahou,5.1367,-5.0242,27.48,76,56,3.86,CI,1675102980
412,batagay,67.6333,134.6333,-38.98,96,100,0.94,RU,1675102980
413,along,28.1667,94.7667,13.69,63,0,0.71,IN,1675102980
414,katsuura,35.1333,140.3,4.01,47,63,5.24,JP,1675102495
415,immokalee,26.4187,-81.4173,29.98,57,20,3.6,US,1675102981
416,qasigiannguit,68.8193,-51.1922,-9.86,77,98,2.08,GL,1675102982
417,mbandaka,0.0487,18.2603,24.62,79,75,0.54,CD,1675102984
418,olafsvik,64.8945,-23.7142,-2.06,94,100,15.81,IS,1675102985
419,haines junction,60.7522,-137.5108,-10.86,97,100,0.38,CA,1675102987
420,rayagada,19.1667,83.4167,18.95,91,5,1.34,IN,1675102988
421,winchester,51.0651,-1.3187,5.85,79,35,2.06,GB,1675102989
422,bajina basta,43.9708,19.5675,1.49,87,96,1.74,RS,1675102991
423,paamiut,61.994,-49.6678,-5.76,84,100,1.81,GL,1675102992
424,concepcion del oro,24.6333,-101.4167,19.67,21,0,2.2,MX,1675102993
425,college,64.8569,-147.8028,-3.29,90,100,0.0,US,1675102998
426,villa carlos paz,-31.4241,-64.4978,32.44,53,29,2.68,AR,1675103000
427,lexington,37.9887,-84.4777,10.94,96,100,3.6,US,1675103001
428,abu kamal,34.4506,40.9171,13.18,57,12,1.67,SY,1675103002
429,zambezi,-13.5432,23.1047,19.41,90,95,1.91,ZM,1675103003
430,grootfontein,-19.5667,18.1167,20.61,76,91,5.77,NA,1675102967
431,beyneu,45.3167,55.2,-1.52,73,57,5.27,KZ,1675103005
432,parabel,58.6978,81.4825,-11.02,93,100,3.68,RU,1675103006
433,viedma,-40.8135,-62.9967,35.88,24,0,3.64,AR,1675103006
434,el alto,-4.2714,-81.2147,29.81,57,67,4.8,PE,1675103007
435,vila do maio,15.1333,-23.2167,23.44,71,48,6.48,CV,1675103009
436,cayenne,4.9333,-52.3333,29.02,70,75,6.69,GF,1675103010
437,faya,18.3851,42.4509,14.06,74,55,1.53,SA,1675103010
438,wenling,28.3669,121.36,6.95,62,0,2.57,CN,1675103012
439,tromso,69.6496,18.957,-5.9,93,75,1.54,NO,1675102875
440,capela do alto,-23.4706,-47.7347,27.16,79,93,5.5,BR,1675103015
441,yulara,-25.2406,130.9889,23.08,64,98,5.11,AU,1675103017
442,heishan,41.6892,122.1128,-5.4,73,1,2.57,CN,1675103018
443,port hardy,50.6996,-127.4199,-1.9,100,100,2.06,CA,1675103019
444,krasnovishersk,60.4078,57.082,-12.08,95,100,2.75,RU,1675103020
445,huayucachi,-12.1333,-75.2333,15.22,59,100,0.76,PE,1675103020
446,deputatskiy,69.3,139.9,-25.76,99,100,1.38,RU,1675102554
447,niquelandia,-14.4739,-48.4597,28.48,63,26,0.42,BR,1675102878
448,ostrovnoy,68.0531,39.5131,-2.71,91,100,6.73,RU,1675103021
449,nau,40.1525,69.3686,-0.67,68,100,2.42,TJ,1675103022
450,leningradskiy,69.3833,178.4167,-17.85,98,100,4.09,RU,1675103023
451,fairbanks,64.8378,-147.7164,-3.28,89,100,0.0,US,1675102533
452,bethanien,-26.502,17.1583,30.4,11,1,6.56,NA,1675103023
453,velikiy ustyug,60.7644,46.3106,-6.76,92,100,5.34,RU,1675103024
454,emerald,-23.5333,148.1667,23.52,75,100,4.46,AU,1675103024
455,borogontsy,62.6683,131.1683,-48.77,100,62,0.7,RU,1675103025
456,linguere,15.3953,-15.1193,32.12,25,0,3.09,SN,1675103026
457,gazanjyk,39.2446,55.5154,5.43,73,48,2.81,TM,1675103026
458,jalalabad,34.4265,70.4515,7.99,55,5,1.34,AF,1675103027
459,dubti,11.7361,41.0853,24.77,51,6,7.49,ET,1675103030
460,kasangulu,-4.5911,15.1708,25.49,96,92,2.48,CD,1675103031
461,hopewell,37.3043,-77.2872,14.3,87,100,0.78,US,1675102802
462,salta,-24.7859,-65.4117,26.33,65,75,2.06,AR,1675103032
463,koroni,36.8,21.95,10.84,73,53,4.01,GR,1675103032
464,ayan,56.45,138.1667,-24.9,73,100,5.05,RU,1675103033
465,zhezkazgan,47.8043,67.7144,-12.17,86,97,3.13,KZ,1675103033
466,sarakhs,36.5449,61.1577,8.4,56,100,1.2,IR,1675103034
467,norsup,-16.0667,167.3833,26.62,81,100,1.97,VU,1675103034
468,yaan,7.3833,8.5667,35.51,26,12,1.38,NG,1675103035
469,lejanias,3.5251,-74.0216,29.84,36,66,3.55,CO,1675103035
470,harvard,42.4222,-88.6137,-11.72,60,65,0.45,US,1675103036
471,micoud,13.8167,-60.9,28.96,66,40,7.2,LC,1675103036
472,ponta delgada,37.7333,-25.6667,14.4,72,40,4.63,PT,1675102827
473,touros,-5.1989,-35.4608,29.79,57,39,7.37,BR,1675103037
474,la asuncion,11.0333,-63.8628,25.56,67,20,4.01,VE,1675103037
475,hun,29.1268,15.9477,11.68,24,9,3.99,LY,1675103038
476,la paz,-16.5,-68.15,13.99,66,75,4.63,BO,1675103038
477,bay roberts,47.5999,-53.2648,7.3,94,100,5.36,CA,1675103039
478,bardiyah,31.7561,25.0865,13.69,59,10,6.28,LY,1675103039
479,manaira,-7.7061,-38.1544,29.33,37,78,1.14,BR,1675103040
480,petapa,14.5028,-90.5517,25.69,43,0,8.23,GT,1675103040
481,binzhou,37.3667,118.0167,2.02,46,0,1.78,CN,1675103041
482,tateyama,34.9833,139.8667,3.96,38,75,7.72,JP,1675103041
483,mangit,40.5971,70.9607,0.98,70,100,1.69,UZ,1675103042
484,bo phloi,14.3236,99.5161,18.92,42,70,1.84,TH,1675103043
485,zhukovo,55.0318,36.744,-3.01,84,100,6.29,RU,1675103044
486,el limon,10.3059,-67.6321,31.62,42,13,1.93,VE,1675103045
487,chaibasa,22.5667,85.8167,19.08,24,13,1.44,IN,1675103046
488,andra,62.5147,65.8878,-21.42,100,78,1.92,RU,1675103047
489,katherine,-14.4667,132.2667,25.18,94,75,2.57,AU,1675103048
490,comodoro rivadavia,-45.8667,-67.5,16.92,59,0,9.26,AR,1675102981
491,concordia,-31.393,-58.0209,33.04,31,40,2.06,AR,1675102875
492,clonakilty,51.6231,-8.8706,7.56,88,81,5.21,IE,1675103050
493,ambon,-3.6954,128.1814,24.08,94,40,1.54,ID,1675103051
494,aitape,-3.1374,142.3475,25.19,89,95,2.0,PG,1675103052
495,fort collins,40.5853,-105.0844,-13.0,74,100,2.68,US,1675102878
496,mehamn,71.0357,27.8492,-0.03,93,75,0.51,NO,1675102971
497,vao,-22.6667,167.4833,23.74,72,13,2.46,NC,1675103055
498,swift current,50.2834,-107.8014,-19.55,84,100,6.17,CA,1675103055
499,karasburg,-28.0167,18.75,27.19,17,0,7.76,NA,1675103058
500,waitara,-38.925,174.25,21.94,80,100,4.87,NZ,1675103059
501,emirdag,39.0197,31.15,-0.17,83,94,0.86,TR,1675103061
502,sangmelima,2.9333,11.9833,25.35,56,66,1.67,CM,1675103062
503,albury,-36.0833,146.9167,20.01,100,90,0.89,AU,1675102935
504,anloga,5.7947,0.8973,28.12,76,95,4.17,GH,1675103064
505,campos,-21.75,-41.3,30.03,62,0,8.23,BR,1675103066
506,muisne,0.6,-80.0333,27.31,74,93,4.18,EC,1675103067
507,wodonga,-36.1167,146.8833,19.98,100,88,1.52,AU,1675103068
508,spencer,43.1414,-95.1444,-17.36,80,45,3.66,US,1675103069
509,vanderhoof,54.0166,-124.0198,-13.35,88,100,0.68,CA,1675103071
510,petropavl,54.8753,69.1628,-18.0,95,58,3.04,KZ,1675103073
511,isla mujeres,21.2311,-86.731,27.87,70,9,6.43,MX,1675103074
512,ponca city,36.707,-97.0856,-5.59,57,100,5.66,US,1675103075
513,freetown,8.484,-13.2299,27.84,74,20,4.12,SL,1675103077
514,dunedin,-45.8742,170.5036,16.56,82,34,0.89,NZ,1675103078
515,itaituba,-4.2761,-55.9836,23.09,100,100,3.6,BR,1675103079
516,shubarshi,48.5872,57.1869,-12.41,96,25,2.18,KZ,1675103080
517,bad worishofen,48.0167,10.6,1.89,83,94,6.26,DE,1675102818
518,la ronge,55.1001,-105.2842,-21.86,64,0,5.66,CA,1675103080
519,ingham,42.6,-84.3833,-5.03,71,100,5.14,US,1675103081
520,gazojak,41.1875,61.4036,1.58,62,87,1.54,TM,1675103081
521,guardiagrele,42.1954,14.2198,4.06,79,80,0.45,IT,1675103082
522,gorey,52.6747,-6.2925,8.65,82,96,3.92,IE,1675103083
523,san andres,12.5847,-81.7006,30.01,62,40,6.69,CO,1675103083
524,beringovskiy,63.05,179.3167,-5.67,99,88,3.72,RU,1675103084
525,rocha,-34.4833,-54.3333,26.8,63,62,5.26,UY,1675102620
526,bereda,43.2686,-7.5406,5.23,92,9,1.49,ES,1675102598
527,aguie,13.506,7.7786,28.23,10,100,3.9,NE,1675103085
528,cayeli,41.0923,40.7292,7.76,81,41,0.92,TR,1675103086
529,embu-guacu,-23.8534,-46.8396,28.25,77,82,1.48,BR,1675103086
530,portland,45.5234,-122.6762,2.1,45,20,4.92,US,1675102795
531,upington,-28.4478,21.2561,33.21,14,0,4.63,ZA,1675102559
532,amga,60.8953,131.9608,-48.16,100,75,0.44,RU,1675103087
533,bayanday,53.0661,105.5139,-19.47,100,100,1.8,RU,1675103088
534,lingig,8.0389,126.4125,24.71,89,50,0.69,PH,1675103088
535,high level,58.5169,-117.136,-15.94,85,100,1.03,CA,1675103089
536,jaleswar,26.6471,85.8008,17.39,60,75,2.57,NP,1675103089
537,aykhal,66.0,111.5,-33.27,100,100,1.99,RU,1675103090
538,grado,43.388,-6.0743,7.9,72,0,1.54,ES,1675103090
539,waipawa,-41.4122,175.5153,16.1,95,100,1.15,NZ,1675103091
540,sao joao de pirabas,-0.7747,-47.1772,28.35,67,64,2.29,BR,1675103091
541,bonfim,3.0833,-59.95,34.25,32,14,3.69,BR,1675103092
542,derbent,42.0678,48.2899,4.51,82,79,2.93,RU,1675102820
543,tautira,-17.7333,-149.15,26.87,76,27,5.54,PF,1675103093
544,vredendal,-31.6683,18.5012,20.4,57,0,3.54,ZA,1675103093
545,kasongo-lunda,-6.4667,16.8167,21.53,94,78,1.59,CD,1675103093
546,ambatondrazaka,-17.8333,48.4167,21.4,96,71,2.26,MG,1675103094
547,prescott valley,34.5894,-112.3252,4.28,88,100,5.81,US,1675103095
548,halifax,44.6453,-63.5724,8.6,72,86,3.6,CA,1675103025
549,shubarkuduk,49.1447,56.4872,-12.56,95,42,2.66,KZ,1675103096
550,seddon,-37.8068,144.8916,17.08,80,75,2.57,AU,1675103096
551,sula,15.4573,120.3955,24.16,84,40,0.42,PH,1675103097
552,fuling,29.7022,107.3919,10.95,60,0,0.76,CN,1675103097
553,margate,51.3813,1.3862,6.04,81,74,0.89,GB,1675102609
554,marystown,47.1666,-55.1483,4.02,95,100,7.55,CA,1675103098
555,omboue,-1.5746,9.2618,26.29,78,98,4.19,GA,1675103098
556,mizdah,31.4451,12.9801,8.08,47,2,3.89,LY,1675103099
557,lenger,42.183,69.8839,-1.31,72,100,2.85,KZ,1675103099
558,kenora,49.8167,-94.4337,-26.46,69,20,4.12,CA,1675103090
559,tilhar,27.9833,79.7333,14.54,84,89,3.69,IN,1675103100
560,camacha,33.0833,-16.3333,13.68,63,75,4.63,PT,1675103101
561,paraiso,9.8383,-83.8656,27.71,49,100,2.8,CR,1675103101
562,karlskrona,56.1616,15.5866,4.25,62,53,8.0,SE,1675103103
563,simao,22.7886,100.9748,10.67,81,1,1.07,CN,1675103105
564,taoudenni,22.6783,-3.9836,19.6,12,54,4.81,ML,1675103106
565,kidal,18.4411,1.4078,22.18,4,83,2.97,ML,1675103108
566,porto walter,-8.2686,-72.7439,27.16,83,90,0.83,BR,1675103110
567,kalmunai,7.4167,81.8167,24.31,89,97,5.38,LK,1675103111
568,clermont,49.5,2.4167,5.95,90,88,2.86,FR,1675103115
569,pankrushikha,53.8319,80.3406,-18.64,100,84,2.75,RU,1675103115
570,itarema,-2.9248,-39.9167,29.97,60,37,5.25,BR,1675103117
571,nantucket,41.2835,-70.0995,11.08,69,0,4.63,US,1675103118
572,vagur,61.4732,-6.8119,2.49,88,100,10.74,FO,1675103120
573,amapa,1.0,-52.0,26.12,89,70,1.05,BR,1675103121
574,zelenoborskiy,66.845,32.3622,-3.0,97,100,3.16,RU,1675103122
